prompt,completion
"Grocery Stores, Brussels, small",
"Grocery Stores, Brussels, small",
"Grocery Stores, Brussels, small",
"Grocery Stores, Brussels, medium",
"Grocery Stores, Brussels, medium",
"Grocery Stores, Brussels, medium",
"Grocery Stores, Brussels, large",
"Grocery Stores, Brussels, large",
"Grocery Stores, Brussels, large",
"Grocery Stores, Paris, small",
"Grocery Stores, Paris, small",
"Grocery Stores, Paris, small",
"Grocery Stores, Paris, medium",
"Grocery Stores, Paris, medium",
"Grocery Stores, Paris, medium",
"Grocery Stores, Paris, large",
"Grocery Stores, Paris, large",
"Grocery Stores, Paris, large",
"Grocery Stores, Berlin, small",
"Grocery Stores, Berlin, small",
"Grocery Stores, Berlin, small",
"Grocery Stores, Berlin, medium",
"Grocery Stores, Berlin, medium",
"Grocery Stores, Berlin, medium",
"Grocery Stores, Berlin, large",
"Grocery Stores, Berlin, large",
"Grocery Stores, Berlin, large",
"Restaurants, Brussels, small",
"Restaurants, Brussels, small",
"Restaurants, Brussels, small",
"Restaurants, Brussels, medium",
"Restaurants, Brussels, medium",
"Restaurants, Brussels, medium",
"Restaurants, Brussels, large",
"Restaurants, Brussels, large",
"Restaurants, Brussels, large",
"Restaurants, Paris, small",
"Restaurants, Paris, small",
"Restaurants, Paris, small",
"Restaurants, Paris, medium",
"Restaurants, Paris, medium",
"Restaurants, Paris, medium",
"Restaurants, Paris, large",
"Restaurants, Paris, large",
"Restaurants, Paris, large",
"Restaurants, Berlin, small",
"Restaurants, Berlin, small",
"Restaurants, Berlin, small",
"Restaurants, Berlin, medium",
"Restaurants, Berlin, medium",
"Restaurants, Berlin, medium",
"Restaurants, Berlin, large",
"Restaurants, Berlin, large",
"Restaurants, Berlin, large",
"Fast Food Restaurants, Brussels, small",
"Fast Food Restaurants, Brussels, small",
"Fast Food Restaurants, Brussels, small",
"Fast Food Restaurants, Brussels, medium",
"Fast Food Restaurants, Brussels, medium",
"Fast Food Restaurants, Brussels, medium",
"Fast Food Restaurants, Brussels, large",
"Fast Food Restaurants, Brussels, large",
"Fast Food Restaurants, Brussels, large",
"Fast Food Restaurants, Paris, small",
"Fast Food Restaurants, Paris, small",
"Fast Food Restaurants, Paris, small",
"Fast Food Restaurants, Paris, medium",
"Fast Food Restaurants, Paris, medium",
"Fast Food Restaurants, Paris, medium",
"Fast Food Restaurants, Paris, large",
"Fast Food Restaurants, Paris, large",
"Fast Food Restaurants, Paris, large",
"Fast Food Restaurants, Berlin, small",
"Fast Food Restaurants, Berlin, small",
"Fast Food Restaurants, Berlin, small",
"Fast Food Restaurants, Berlin, medium",
"Fast Food Restaurants, Berlin, medium",
"Fast Food Restaurants, Berlin, medium",
"Fast Food Restaurants, Berlin, large",
"Fast Food Restaurants, Berlin, large",
"Fast Food Restaurants, Berlin, large",
"Pharmacies, Brussels, small",
"Pharmacies, Brussels, small",
"Pharmacies, Brussels, small",
"Pharmacies, Brussels, medium",
"Pharmacies, Brussels, medium",
"Pharmacies, Brussels, medium",
"Pharmacies, Brussels, large",
"Pharmacies, Brussels, large",
"Pharmacies, Brussels, large",
"Pharmacies, Paris, small",
"Pharmacies, Paris, small",
"Pharmacies, Paris, small",
"Pharmacies, Paris, medium",
"Pharmacies, Paris, medium",
"Pharmacies, Paris, medium",
"Pharmacies, Paris, large",
"Pharmacies, Paris, large",
"Pharmacies, Paris, large",
"Pharmacies, Berlin, small",
"Pharmacies, Berlin, small",
"Pharmacies, Berlin, small",
"Pharmacies, Berlin, medium",
"Pharmacies, Berlin, medium",
"Pharmacies, Berlin, medium",
"Pharmacies, Berlin, large",
"Pharmacies, Berlin, large",
"Pharmacies, Berlin, large",
"Service Stations (Fuel), Brussels, small",
"Service Stations (Fuel), Brussels, small",
"Service Stations (Fuel), Brussels, small",
"Service Stations (Fuel), Brussels, medium",
"Service Stations (Fuel), Brussels, medium",
"Service Stations (Fuel), Brussels, medium",
"Service Stations (Fuel), Brussels, large",
"Service Stations (Fuel), Brussels, large",
"Service Stations (Fuel), Brussels, large",
"Service Stations (Fuel), Paris, small",
"Service Stations (Fuel), Paris, small",
"Service Stations (Fuel), Paris, small",
"Service Stations (Fuel), Paris, medium",
"Service Stations (Fuel), Paris, medium",
"Service Stations (Fuel), Paris, medium",
"Service Stations (Fuel), Paris, large",
"Service Stations (Fuel), Paris, large",
"Service Stations (Fuel), Paris, large",
"Service Stations (Fuel), Berlin, small",
"Service Stations (Fuel), Berlin, small",
"Service Stations (Fuel), Berlin, small",
"Service Stations (Fuel), Berlin, medium",
"Service Stations (Fuel), Berlin, medium",
"Service Stations (Fuel), Berlin, medium",
"Service Stations (Fuel), Berlin, large",
"Service Stations (Fuel), Berlin, large",
"Service Stations (Fuel), Berlin, large",
"Electronics Stores, Brussels, small",
"Electronics Stores, Brussels, small",
"Electronics Stores, Brussels, small",
"Electronics Stores, Brussels, medium",
"Electronics Stores, Brussels, medium",
"Electronics Stores, Brussels, medium",
"Electronics Stores, Brussels, large",
"Electronics Stores, Brussels, large",
"Electronics Stores, Brussels, large",
"Electronics Stores, Paris, small",
"Electronics Stores, Paris, small",
"Electronics Stores, Paris, small",
"Electronics Stores, Paris, medium",
"Electronics Stores, Paris, medium",
"Electronics Stores, Paris, medium",
"Electronics Stores, Paris, large",
"Electronics Stores, Paris, large",
"Electronics Stores, Paris, large",
"Electronics Stores, Berlin, small",
"Electronics Stores, Berlin, small",
"Electronics Stores, Berlin, small",
"Electronics Stores, Berlin, medium",
"Electronics Stores, Berlin, medium",
"Electronics Stores, Berlin, medium",
"Electronics Stores, Berlin, large",
"Electronics Stores, Berlin, large",
"Electronics Stores, Berlin, large",
